item_id,mal_id,title,type,year,score,members,genres,themes,image_url
anime-12431,12431,Uchuu Kyoudai,TV,2012,8.48,211707,Comedy,Adult Cast|Space|Workplace,https://cdn.myanimelist.net/images/anime/1290/135694l.jpg
anime-3297,3297,Aria the Origination,TV,2008,8.48,142963,Sci-Fi|Slice of Life,Iyashikei,https://cdn.myanimelist.net/images/anime/1431/132867l.jpg
anime-40834,40834,Ousama Ranking,TV,2021,8.48,764132,Adventure|Fantasy,,https://cdn.myanimelist.net/images/anime/1347/117616l.jpg
anime-62076,62076,Super no Ura de Yani Suu Futari,TV,2026,8.47,157886,Romance,Adult Cast|Love Status Quo,https://cdn.myanimelist.net/images/anime/1768/156339l.jpg
anime-57779,57779,Dorohedoro Season 2,ONA,2026,8.47,88222,Action|Comedy|Fantasy|Horror,Gore,https://cdn.myanimelist.net/images/anime/1603/155354l.jpg
anime-37779,37779,Yakusoku no Neverland,TV,2019,8.47,2168317,Mystery|Suspense,Psychological|Survival,https://cdn.myanimelist.net/images/anime/1830/118780l.jpg
anime-30654,30654,Ansatsu Kyoushitsu 2nd Season,TV,2016,8.47,1579635,Action|Comedy,School,https://cdn.myanimelist.net/images/anime/8/77966l.jpg
anime-30276,30276,One Punch Man,TV,2015,8.47,3539908,Action|Comedy,Adult Cast|Parody|Super Power,https://cdn.myanimelist.net/images/anime/12/76049l.jpg
anime-44070,44070,Tian Guan Cifu Special,ONA,2021,8.47,61136,Action|Adventure|Drama|Fantasy,Historical|Mythology,https://cdn.myanimelist.net/images/anime/1043/110306l.jpg
anime-10165,10165,Nichijou,TV,2011,8.47,989174,Comedy,Gag Humor|School,https://cdn.myanimelist.net/images/anime/3/75617l.jpg
anime-63019,63019,Prism Rondo,ONA,2026,8.46,65387,Drama|Romance,Adult Cast|Historical|Visual Arts,https://cdn.myanimelist.net/images/anime/1862/153881l.jpg
anime-62896,62896,Chou Kaguya-hime!,ONA,2026,8.46,101368,Action|Sci-Fi|Supernatural,Music|Mythology,https://cdn.myanimelist.net/images/anime/1758/153953l.jpg
anime-60544,60544,Nezha Zhi Mo Tong Nao Hai,Movie,2025,8.46,12157,Action|Comedy|Drama|Fantasy,Historical,https://cdn.myanimelist.net/images/anime/1616/147002l.jpg
anime-38450,38450,Mo Dao Zu Shi: Xian Yun Pian,ONA,2019,8.46,119590,Action|Adventure|Drama|Fantasy|Mystery,Historical|Mythology|Reincarnation,https://cdn.myanimelist.net/images/anime/1404/106707l.jpg
anime-33049,33049,Fate/stay night Movie: Heaven's Feel - II. Lost Butterfly,Movie,2019,8.46,442735,Action|Fantasy,Urban Fantasy,https://cdn.myanimelist.net/images/anime/1974/98158l.jpg
anime-6114,6114,Rainbow: Nisha Rokubou no Shichinin,TV,2010,8.46,427152,Drama|Suspense,Delinquents|Historical,https://cdn.myanimelist.net/images/anime/9/72697l.jpg
anime-392,392,Yuu☆Yuu☆Hakusho,TV,1992,8.46,758010,Action|Supernatural,Martial Arts|Mythology,https://cdn.myanimelist.net/images/anime/1228/111372l.jpg
anime-47194,47194,Summertime Render,TV,2022,8.46,687619,Mystery|Supernatural|Suspense,Time Travel,https://cdn.myanimelist.net/images/anime/1120/120796l.jpg
anime-37379,37379,Chihayafuru 3,TV,2019,8.46,158242,Drama|Romance|Sports,Love Polygon|School|Strategy Game,https://cdn.myanimelist.net/images/anime/1898/110709l.jpg
anime-37208,37208,Mo Dao Zu Shi,ONA,2018,8.45,257418,Action|Adventure|Drama|Fantasy|Mystery,Historical|Mythology|Reincarnation,https://cdn.myanimelist.net/images/anime/1908/153734l.jpg
anime-31181,31181,Owarimonogatari,TV,2015,8.45,513313,Comedy|Mystery|Supernatural,Vampire,https://cdn.myanimelist.net/images/anime/8/76479l.jpg
anime-11577,11577,Steins;Gate Movie: Fuka Ryouiki no Déjà vu,Movie,2013,8.45,647135,Drama|Sci-Fi,,https://cdn.myanimelist.net/images/anime/1611/112806l.jpg
anime-36649,36649,Banana Fish,TV,2018,8.45,970034,Action|Adventure|Drama|Suspense,Delinquents|Organized Crime|Psychological,https://cdn.myanimelist.net/images/anime/1190/93472l.jpg
anime-37105,37105,Grand Blue,TV,2018,8.45,916349,Comedy,Adult Cast|Gag Humor,https://cdn.myanimelist.net/images/anime/1302/94882l.jpg
anime-44087,44087,Gintama: The Semi-Final,Special,2021,8.45,94285,Action|Comedy,Gag Humor|Historical|Parody|Samurai,https://cdn.myanimelist.net/images/anime/1694/110521l.jpg
anime-40456,40456,Kimetsu no Yaiba Movie: Mugen Ressha-hen,Movie,2020,8.53,1793553,Action|Supernatural,Historical,https://cdn.myanimelist.net/images/anime/1704/106947l.jpg
anime-61903,61903,Kaguya-sama wa Kokurasetai: Otona e no Kaidan,TV Special,2025,8.52,112132,Comedy|Romance,School,https://cdn.myanimelist.net/images/anime/1112/150697l.jpg
anime-58567,58567,Ore dake Level Up na Ken Season 2: Arise from the Shadow,TV,2025,8.52,804740,Action|Adventure|Fantasy,Adult Cast|Urban Fantasy,https://cdn.myanimelist.net/images/anime/1448/147351l.jpg
anime-7472,7472,Gintama Movie 1: Shinyaku Benizakura-hen,Movie,2010,8.52,178366,Action|Comedy|Sci-Fi,Historical|Parody|Samurai,https://cdn.myanimelist.net/images/anime/4/28803l.jpg
anime-40664,40664,Shoujo☆Kageki Revue Starlight Movie,Movie,2021,8.52,26435,Drama,Music|Performing Arts|School,https://cdn.myanimelist.net/images/anime/1378/119190l.jpg
anime-40417,40417,Fruits Basket 2nd Season,TV,2020,8.52,589684,Drama|Romance|Supernatural,School,https://cdn.myanimelist.net/images/anime/1972/111635l.jpg
anime-12365,12365,Bakuman. 3rd Season,TV,2012,8.52,349272,Comedy|Drama|Romance,Otaku Culture,https://cdn.myanimelist.net/images/anime/6/41845l.jpg
anime-205,205,Samurai Champloo,TV,2004,8.52,1359677,Action|Adventure|Comedy,Historical|Samurai,https://cdn.myanimelist.net/images/anime/1370/135212l.jpg
anime-61322,61322,Dr. Stone: Science Future Part 2,TV,2025,8.51,241274,Adventure|Comedy,,https://cdn.myanimelist.net/images/anime/1785/151710l.jpg
anime-55791,55791,[Oshi no Ko] 2nd Season,TV,2024,8.51,530831,Drama,Reincarnation|Showbiz,https://cdn.myanimelist.net/images/anime/1006/143302l.jpg
anime-11981,11981,Mahou Shoujo Madoka★Magica Movie 3: Hangyaku no Monogatari,Movie,2013,8.51,425007,Award Winning|Drama|Suspense,Mahou Shoujo|Psychological,https://cdn.myanimelist.net/images/anime/5/54231l.jpg
anime-31933,31933,JoJo no Kimyou na Bouken Part 4: Diamond wa Kudakenai,TV,2016,8.51,1284354,Action|Adventure,Super Power,https://cdn.myanimelist.net/images/anime/3/79156l.jpg
anime-35843,35843,Gintama. Porori-hen,TV,2017,8.51,223847,Action|Comedy|Sci-Fi,Gag Humor|Historical|Parody|Samurai,https://cdn.myanimelist.net/images/anime/11/88325l.jpg
anime-801,801,Koukaku Kidoutai: Stand Alone Complex 2nd GIG,TV,2004,8.51,243387,Mystery|Sci-Fi,Adult Cast|Detective|Mecha|Military,https://cdn.myanimelist.net/images/anime/1646/135390l.jpg
anime-60988,60988,Tian Guan Cifu Short Films,ONA,2025,8.5,12099,Action|Adventure|Drama|Fantasy,Historical|Mythology,https://cdn.myanimelist.net/images/anime/1174/149943l.jpg
anime-59986,59986,Grand Blue Season 2,TV,2025,8.5,208160,Comedy,Adult Cast|Gag Humor,https://cdn.myanimelist.net/images/anime/1108/150583l.jpg
anime-58222,58222,Given Movie 3: Umi e,Movie,2024,8.5,33128,Boys Love|Drama,Music,https://cdn.myanimelist.net/images/anime/1663/144261l.jpg
anime-55809,55809,Xian Ni,ONA,2023,8.5,12069,Action|Adventure|Fantasy,Historical|Martial Arts,https://cdn.myanimelist.net/images/anime/1289/149708l.jpg
anime-53273,53273,JoJo no Kimyou na Bouken Part 6: Stone Ocean Part 3,ONA,2022,8.5,317946,Action|Adventure,Super Power,https://cdn.myanimelist.net/images/anime/1233/128920l.jpg
anime-38474,38474,Yuru Camp△ Season 2,TV,2021,8.5,255535,Slice of Life,CGDCT|Iyashikei,https://cdn.myanimelist.net/images/anime/1255/110636l.jpg
anime-35839,35839,Sora yori mo Tooi Basho,TV,2018,8.5,556887,Adventure|Comedy|Drama,CGDCT,https://cdn.myanimelist.net/images/anime/6/89879l.jpg
anime-4282,4282,Kara no Kyoukai Movie 5: Mujun Rasen,Movie,2008,8.5,254965,Action|Drama|Fantasy|Mystery|Romance|Suspense,Urban Fantasy,https://cdn.myanimelist.net/images/anime/4/75851l.jpg
anime-40748,40748,Jujutsu Kaisen,TV,2020,8.5,3073296,Action|Award Winning|Supernatural,School,https://cdn.myanimelist.net/images/anime/1171/109222l.jpg
anime-59845,59845,Kaoru Hana wa Rin to Saku,TV,2025,8.49,479413,Drama|Romance,School,https://cdn.myanimelist.net/images/anime/1744/150433l.jpg
anime-32182,32182,Mob Psycho 100,TV,2016,8.49,2339264,Action|Comedy|Supernatural,,https://cdn.myanimelist.net/images/anime/8/80356l.jpg
anime-52991,52991,Sousou no Frieren,TV,2023,9.26,1477531,Adventure|Award Winning|Drama|Fantasy,,https://cdn.myanimelist.net/images/anime/1015/138006l.jpg
anime-61316,61316,Re:Zero kara Hajimeru Isekai Seikatsu 4th Season,TV,2026,9.17,288542,Drama|Fantasy|Suspense,Isekai|Psychological|Time Travel,https://cdn.myanimelist.net/images/anime/1540/155824l.jpg
anime-5114,5114,Fullmetal Alchemist: Brotherhood,TV,2009,9.11,3709700,Action|Adventure|Drama|Fantasy,Military,https://cdn.myanimelist.net/images/anime/1208/94745l.jpg
anime-61469,61469,Steel Ball Run: JoJo no Kimyou na Bouken,ONA,2026,9.1,220668,Action|Adventure|Mystery|Supernatural,Historical|Racing,https://cdn.myanimelist.net/images/anime/1448/154111l.jpg
anime-9253,9253,Steins;Gate,TV,2011,9.07,2832555,Drama|Sci-Fi|Suspense,Psychological|Time Travel,https://cdn.myanimelist.net/images/anime/1935/127974l.jpg
anime-57555,57555,Chainsaw Man Movie: Reze-hen,Movie,2025,9.06,515011,Action|Fantasy,Gore|Urban Fantasy,https://cdn.myanimelist.net/images/anime/1763/150638l.jpg
anime-38524,38524,Shingeki no Kyojin Season 3 Part 2,TV,2019,9.05,2616896,Action|Drama|Suspense,Gore|Military|Survival,https://cdn.myanimelist.net/images/anime/1517/100633l.jpg
anime-28977,28977,Gintama°,TV,2015,9.05,695786,Action|Comedy|Sci-Fi,Gag Humor|Historical|Parody|Samurai,https://cdn.myanimelist.net/images/anime/3/72078l.jpg
anime-39486,39486,Gintama: The Final,Movie,2021,9.05,186354,Action|Comedy|Drama|Sci-Fi,Gag Humor|Historical|Parody|Samurai,https://cdn.myanimelist.net/images/anime/1245/116760l.jpg
anime-11061,11061,Hunter x Hunter (2011),TV,2011,9.03,3215242,Action|Adventure|Fantasy,,https://cdn.myanimelist.net/images/anime/1337/99013l.jpg
anime-9969,9969,Gintama',TV,2011,9.02,618569,Action|Comedy|Sci-Fi,Gag Humor|Historical|Parody|Samurai,https://cdn.myanimelist.net/images/anime/4/50361l.jpg
anime-15417,15417,Gintama': Enchousen,TV,2012,9.02,360423,Action|Comedy|Sci-Fi,Gag Humor|Historical|Parody|Samurai,https://cdn.myanimelist.net/images/anime/1452/123686l.jpg
anime-820,820,Ginga Eiyuu Densetsu,OVA,1988,9.02,366347,Drama|Sci-Fi,Adult Cast|Military|Space,https://cdn.myanimelist.net/images/anime/1976/142016l.jpg
anime-60022,60022,One Piece Fan Letter,TV Special,2024,9.01,160982,Action|Adventure|Fantasy,,https://cdn.myanimelist.net/images/anime/1455/146229l.jpg
anime-34096,34096,Gintama.,TV,2017,8.98,351122,Action|Comedy|Sci-Fi,Gag Humor|Historical|Parody|Samurai,https://cdn.myanimelist.net/images/anime/3/83528l.jpg
anime-41467,41467,Bleach: Sennen Kessen-hen,TV,2022,8.98,718059,Action|Adventure|Supernatural,,https://cdn.myanimelist.net/images/anime/1908/135431l.jpg
anime-59193,59193,Mushoku Tensei III: Isekai Ittara Honki Dasu,TV,2026,8.96,254638,Adventure|Drama|Fantasy|Ecchi,Isekai|Reincarnation,https://cdn.myanimelist.net/images/anime/1527/158340l.jpg
anime-43608,43608,Kaguya-sama wa Kokurasetai: Ultra Romantic,TV,2022,8.95,1125345,Comedy|Romance,School,https://cdn.myanimelist.net/images/anime/1160/122627l.jpg
anime-42938,42938,Fruits Basket: The Final,TV,2021,8.93,569049,Drama|Romance|Supernatural,,https://cdn.myanimelist.net/images/anime/1085/114792l.jpg
anime-4181,4181,Clannad: After Story,TV,2008,8.93,1293470,Drama|Romance,,https://cdn.myanimelist.net/images/anime/1299/110774l.jpg
anime-918,918,Gintama,TV,2006,8.93,1161866,Action|Comedy|Sci-Fi,Gag Humor|Historical|Parody|Samurai,https://cdn.myanimelist.net/images/anime/10/73274l.jpg
anime-28851,28851,Koe no Katachi,Movie,2016,8.93,2639277,Award Winning|Drama,,https://cdn.myanimelist.net/images/anime/1122/96435l.jpg
anime-2904,2904,Code Geass: Hangyaku no Lelouch R2,TV,2008,8.92,1969532,Award Winning|Drama|Sci-Fi,Mecha|Military|Super Power,https://cdn.myanimelist.net/images/anime/1088/135089l.jpg
anime-58514,58514,Kusuriya no Hitorigoto 2nd Season,TV,2025,8.91,526838,Drama|Mystery,Historical|Medical,https://cdn.myanimelist.net/images/anime/1025/147458l.jpg
anime-35180,35180,3-gatsu no Lion 2nd Season,TV,2017,8.9,441411,Drama,Strategy Game,https://cdn.myanimelist.net/images/anime/3/88469l.jpg
